,#_clicks,#_clicks_norm,nr,nr_norm,#_clicks / #_hyperlinks,is_successful
bottom,9655.0,0.14051607457321244,24193,0.18487131678689325,0.7600750457962582,0
center,3122.0,0.045436684082606864,20228,0.1545726861474508,0.2939502781187594,0
center-bottom,3874.0,0.05638107435490678,22588,0.17260667563271795,0.32664480761380027,0
center-top,5041.0,0.07336525447162755,23031,0.1759918694216897,0.4168672945671081,0
top,47019.0,0.6843009125176464,40824,0.3119574520112483,2.1935712966811014,0
