,#_clicks,#_clicks_norm,nr,nr_norm,#_clicks / #_hyperlinks,is_successful
bottom,24764.0,0.10222202041633471,24193,0.18487131678689325,0.5529360757145962,1
center,12047.0,0.04972818122902537,20228,0.1545726861474508,0.32171389699204944,1
center-bottom,22553.0,0.09309534915399761,22588,0.17260667563271795,0.5393496445762681,1
center-top,19146.0,0.07903177204373868,23031,0.1759918694216897,0.4490649045517701,1
top,163747.0,0.6759226771569036,40824,0.3119574520112483,2.1667143156834467,1
