in_image,#_clicks_norm,#_clicks / #_links_img,is_successful
0,193052.0,1.6738661094396226,1
1,132289.39,8.517763827184343,1
0,57666.0,0.4999956647273547,0
1,45057.67,2.9011441632863306,0
