,#_clicks,#_clicks_norm,nr,nr_norm,#_clicks / #_hyperlinks,is_successful
bottom,23945.0,0.09884131315090998,24193,0.18487131678689325,0.5346492623560817,1
center,12277.0,0.05067758619977957,20228,0.1545726861474508,0.3278560233561377,1
center-bottom,22430.0,0.09258762388702907,22588,0.17260667563271795,0.5364081287565154,1
center-top,19655.0,0.08113284652249471,23031,0.1759918694216897,0.4610033792418804,1
top,163950.0,0.6767606302397867,40824,0.3119574520112483,2.1694004290539746,1
