,#_clicks,#_clicks_norm,nr,nr_norm,#_clicks / #_hyperlinks,is_successful
bottom,6474.0,0.09422072157296503,24193,0.18487131678689325,0.5096557065235604,0
center,3736.0,0.054372662310256,20228,0.1545726861474508,0.3517611271786307,0
center-bottom,6108.0,0.08889406354149991,22588,0.17260667563271795,0.5150094178898018,0
center-top,5147.0,0.07490794778128684,23031,0.1759918694216897,0.4256330024076384,0
top,47246.0,0.6876046047939922,40824,0.3119574520112483,2.2041614981814863,0
