,#_clicks,#_clicks_norm,nr,nr_norm,#_clicks / #_hyperlinks,is_successful
bottom,24085.0,0.09941921182876036,24193,0.18487131678689325,0.5377752133575372,1
center,20014.0,0.08261474384641104,20228,0.1545726861474508,0.5344718132646201,1
center-bottom,15623.0,0.0644893646004037,22588,0.17260667563271795,0.37362033863410793,1
center-top,18631.0,0.07690593047878906,23031,0.1759918694216897,0.4369857012798511,1
top,163904.0,0.6765707492456359,40824,0.3119574520112483,2.168791753117796,1
