,#_clicks,#_clicks_norm,nr,nr_norm,#_clicks / #_hyperlinks,is_successful
bottom,31559.0,0.1302707455305729,24193,0.18487131678689325,0.7046563403923819,1
center,12234.0,0.050500088748725525,20228,0.1545726861474508,0.3267077127750256,1
center-bottom,15393.0,0.0635399596296495,22588,0.17260667563271795,0.36811994319879815,1
center-top,19980.0,0.08247439702464737,23031,0.1759918694216897,0.46862617742318846,1
top,163091.0,0.6732148090664047,40824,0.3119574520112483,2.1580340675501173,1
