in_image,#_clicks_norm,#_clicks / #_links_img,is_successful
0,197885.0,1.5164531158998253,1
1,659.13,1.7718548387096773,1
0,56148.0,0.4302792508353003,0
1,166.37,0.44723118279569896,0
