,#_clicks,#_clicks_norm,nr,nr_norm,#_clicks / #_hyperlinks,is_successful
bottom,6439.0,0.09371134170656809,24193,0.18487131678689325,0.5069003852803838,0
center,3182.0,0.046309906710715894,20228,0.1545726861474508,0.2995995467565318,0
center-bottom,6532.0,0.0950648367801371,22588,0.17260667563271795,0.5507599079332327,0
center-top,5181.0,0.0754027739372153,23031,0.1759918694216897,0.428444644545167,0
top,47377.0,0.6895111408653636,40824,0.3119574520112483,2.2102730241574795,0
