in_image,#_clicks_norm,#_clicks / #_links_img,is_successful
0,4388.0,0.03362658247248874,1
1,661.1341251050608,1.7772422717877978,1
0,4388.0,0.03362658247248874,0
1,168.36440754693442,0.45259249340573765,0
