,#_clicks,#_clicks_norm,nr,nr_norm,#_clicks / #_hyperlinks,is_successful
bottom,6529.0,0.09502117564873164,24193,0.18487131678689325,0.513985497048552,0
center,3768.0,0.054838381045247485,20228,0.1545726861474508,0.3547740704521093,0
center-bottom,6516.0,0.09483197741264135,22588,0.17260667563271795,0.5494108328372541,0
center-top,4941.0,0.07190988342477915,23031,0.1759918694216897,0.40859775886849453,0
top,46957.0,0.6833985824686004,40824,0.3119574520112483,2.190678818738265,0
